host_name,planet_name,B_gauss,Prot_d,Prot_conf,r_A_au,a_over_rA,regime,Hu_bin,method,source
55 Cnc B,55 Cnc Bc,100.0,147.04528349097347,,1.081690803366164,0.1201822180566266,sub,M2B,"split-monopole_estimate (canonical L235-245, v_w=400 km/s)",ALFVEN_RECOMPUTE_20260831; B:b_star_from_prot (canonical L142-175): floor(100G); P_rot=147.04528349097347; sp=M4.5 V
82 Eri,82 Eri d,2.711583141744831,136.13521409177204,,1.511143932752892,0.8960099502456934,borderline,M1B,"split-monopole_estimate (canonical L235-245, v_w=400 km/s)",ALFVEN_RECOMPUTE_20260831; B:b_star_from_prot (canonical L142-175): unsaturated_scaling; P_rot=136.13521409177204; sp=G6 V
GJ 1061,GJ 1061 b,300.0,131.6,,1.0518951751845718,0.0199639664630225,sub,M1B,"split-monopole_estimate (canonical L235-245, v_w=400 km/s)",ALFVEN_RECOMPUTE_20260831; B:B_star_audit_20260614.csv: Reiners+2022 M5V scaling
GJ 1061,GJ 1061 c,300.0,131.6,,1.0518951751845718,0.0332732774383708,sub,M1B,"split-monopole_estimate (canonical L235-245, v_w=400 km/s)",ALFVEN_RECOMPUTE_20260831; B:B_star_audit_20260614.csv: Reiners+2022 M5V scaling
GJ 1061,GJ 1061 d,300.0,131.6,,1.0518951751845718,0.0494345836227224,sub,M1B,"split-monopole_estimate (canonical L235-245, v_w=400 km/s)",ALFVEN_RECOMPUTE_20260831; B:B_star_audit_20260614.csv: Reiners+2022 M5V scaling
GJ 1214,GJ 1214 b,650.0,53.1,,4.06193316752339,0.00347371544978,sub,M1D,"split-monopole_estimate (canonical L235-245, v_w=400 km/s)",ALFVEN_RECOMPUTE_20260831; B:B_star_audit_20260614.csv: Newton+2017 ApJ 834 85
GJ 15 A,GJ 15 Ab,200.0,44.0,,5.3718462665495155,0.0134032130532744,sub,M1D,"split-monopole_estimate (canonical L235-245, v_w=400 km/s)",ALFVEN_RECOMPUTE_20260831; B:B_star_audit_20260614.csv: Reiners+2022
GJ 15 A,GJ 15 Ac,200.0,44.0,,5.3718462665495155,1.0052409789955823,borderline,M1D,"split-monopole_estimate (canonical L235-245, v_w=400 km/s)",ALFVEN_RECOMPUTE_20260831; B:B_star_audit_20260614.csv: Reiners+2022
GJ 163,GJ 163 b,400.0,61.0,,9.675523887540114,0.0062012146006136,sub,M1C,"split-monopole_estimate (canonical L235-245, v_w=400 km/s)",ALFVEN_RECOMPUTE_20260831; B:B_star_audit_20260614.csv: Reiners+2022 M3 scaling
GJ 163,GJ 163 c,400.0,61.0,,9.675523887540114,0.0128158435079348,sub,M1C,"split-monopole_estimate (canonical L235-245, v_w=400 km/s)",ALFVEN_RECOMPUTE_20260831; B:B_star_audit_20260614.csv: Reiners+2022 M3 scaling
GJ 163,GJ 163 d,400.0,61.0,,9.675523887540114,0.1055240017871091,sub,M1C,"split-monopole_estimate (canonical L235-245, v_w=400 km/s)",ALFVEN_RECOMPUTE_20260831; B:B_star_audit_20260614.csv: Reiners+2022 M3 scaling
GJ 163,GJ 163 e,400.0,61.0,,9.675523887540114,0.072347503673826,sub,M1C,"split-monopole_estimate (canonical L235-245, v_w=400 km/s)",ALFVEN_RECOMPUTE_20260831; B:B_star_audit_20260614.csv: Reiners+2022 M3 scaling
GJ 163,GJ 163 f,400.0,61.0,,9.675523887540114,0.0336932659966675,sub,M1C,"split-monopole_estimate (canonical L235-245, v_w=400 km/s)",ALFVEN_RECOMPUTE_20260831; B:B_star_audit_20260614.csv: Reiners+2022 M3 scaling
GJ 180,GJ 180 b,300.0,130.0,,6.855455552459453,0.013419968854877,sub,M2B,"split-monopole_estimate (canonical L235-245, v_w=400 km/s)",ALFVEN_RECOMPUTE_20260831; B:B_star_audit_20260614.csv: Reiners+2022 M3 scaling
GJ 180,GJ 180 c,300.0,130.0,,6.855455552459453,0.0188171302421646,sub,M2B,"split-monopole_estimate (canonical L235-245, v_w=400 km/s)",ALFVEN_RECOMPUTE_20260831; B:B_star_audit_20260614.csv: Reiners+2022 M3 scaling
GJ 180,GJ 180 d,300.0,130.0,,6.855455552459453,0.0452194602718684,sub,M2B,"split-monopole_estimate (canonical L235-245, v_w=400 km/s)",ALFVEN_RECOMPUTE_20260831; B:B_star_audit_20260614.csv: Reiners+2022 M3 scaling
GJ 229,GJ 229 c,150.0,27.0,,0.9089057208914626,0.9858008145456444,borderline,M2A,"split-monopole_estimate (canonical L235-245, v_w=400 km/s)",ALFVEN_RECOMPUTE_20260831; B:B_star_audit_20260614.csv: Reiners+2022 M1V
GJ 229,GJ 229 d,150.0,27.0,,0.9089057208914626,0.3729759778247472,sub,M2A,"split-monopole_estimate (canonical L235-245, v_w=400 km/s)",ALFVEN_RECOMPUTE_20260831; B:B_star_audit_20260614.csv: Reiners+2022 M1V
GJ 3293,GJ 3293 b,400.0,41.0,,9.406427948330322,0.015243831217083,sub,M2A,"split-monopole_estimate (canonical L235-245, v_w=400 km/s)",ALFVEN_RECOMPUTE_20260831; B:B_star_audit_20260614.csv: Reiners+2022 M4 scaling
GJ 3293,GJ 3293 c,400.0,41.0,,9.406427948330322,0.0384577442135419,sub,M2A,"split-monopole_estimate (canonical L235-245, v_w=400 km/s)",ALFVEN_RECOMPUTE_20260831; B:B_star_audit_20260614.csv: Reiners+2022 M4 scaling
GJ 3293,GJ 3293 d,400.0,41.0,,9.406427948330322,0.0206241945471379,sub,M2A,"split-monopole_estimate (canonical L235-245, v_w=400 km/s)",ALFVEN_RECOMPUTE_20260831; B:B_star_audit_20260614.csv: Reiners+2022 M4 scaling
GJ 3293,GJ 3293 e,400.0,41.0,,9.406427948330322,0.0087280740841238,sub,M2A,"split-monopole_estimate (canonical L235-245, v_w=400 km/s)",ALFVEN_RECOMPUTE_20260831; B:B_star_audit_20260614.csv: Reiners+2022 M4 scaling
GJ 3323,GJ 3323 b,500.0,89.0,,1.0201544745636588,0.0321715983395924,sub,M2D,"split-monopole_estimate (canonical L235-245, v_w=400 km/s)",ALFVEN_RECOMPUTE_20260831; B:B_star_audit_20260614.csv: Reiners+2022 M4V
GJ 3323,GJ 3323 c,500.0,89.0,,1.0201544745636588,0.1239028040866692,sub,M2D,"split-monopole_estimate (canonical L235-245, v_w=400 km/s)",ALFVEN_RECOMPUTE_20260831; B:B_star_audit_20260614.csv: Reiners+2022 M4V
GJ 3378,GJ 3378 b,100.0,102.52934845537368,,1.0896007646194013,0.0887756352059718,sub,M1B,"split-monopole_estimate (canonical L235-245, v_w=400 km/s)",ALFVEN_RECOMPUTE_20260831; B:b_star_from_prot (canonical L142-175): floor(100G); P_rot=102.52934845537368; sp=M4 V
GJ 357,GJ 357 b,300.0,78.0,,4.908887374693321,0.0067225009418884,sub,M1C,"split-monopole_estimate (canonical L235-245, v_w=400 km/s)",ALFVEN_RECOMPUTE_20260831; B:B_star_audit_20260614.csv: Reiners+2022 M2.5V
GJ 357,GJ 357 c,300.0,78.0,,4.908887374693321,0.0123653274900795,sub,M1C,"split-monopole_estimate (canonical L235-245, v_w=400 km/s)",ALFVEN_RECOMPUTE_20260831; B:B_star_audit_20260614.csv: Reiners+2022 M2.5V
GJ 357,GJ 357 d,300.0,78.0,,4.908887374693321,0.0415572785498556,sub,M1C,"split-monopole_estimate (canonical L235-245, v_w=400 km/s)",ALFVEN_RECOMPUTE_20260831; B:B_star_audit_20260614.csv: Reiners+2022 M2.5V
GJ 367,GJ 367 b,150.0,51.3,,0.9010193744663364,0.0076579929306035,sub,M2A,"split-monopole_estimate (canonical L235-245, v_w=400 km/s)",ALFVEN_RECOMPUTE_20260831; B:B_star_audit_20260614.csv: Reiners+2022 M1V slow
GJ 367,GJ 367 c,150.0,51.3,,0.9010193744663364,0.0852008399835081,sub,M2A,"split-monopole_estimate (canonical L235-245, v_w=400 km/s)",ALFVEN_RECOMPUTE_20260831; B:B_star_audit_20260614.csv: Reiners+2022 M1V slow
GJ 367,GJ 367 d,150.0,51.3,,0.9010193744663364,0.1764690133263506,sub,M2A,"split-monopole_estimate (canonical L235-245, v_w=400 km/s)",ALFVEN_RECOMPUTE_20260831; B:B_star_audit_20260614.csv: Reiners+2022 M1V slow
GJ 3998,GJ 3998 d,,,,,,unknown,,"split-monopole_estimate (canonical L235-245, v_w=400 km/s)",ALFVEN_RECOMPUTE_20260831; B:b_star_from_prot (canonical L142-175): default(P_rot missing); P_rot=None; sp=M1
GJ 4274,GJ 4274 b,1706.5426181560103,4.565489751785218,,1.6751505582867638,0.1116317569635362,sub,M3B,"split-monopole_estimate (canonical L235-245, v_w=400 km/s)",ALFVEN_RECOMPUTE_20260831; B:b_star_from_prot (canonical L142-175): unsaturated_scaling; P_rot=4.565489751785218; sp=M4.5 V
GJ 433,GJ 433 d,100.0,138.52578462956555,,3.6019859987418212,0.0494171826492872,sub,M2A,"split-monopole_estimate (canonical L235-245, v_w=400 km/s)",ALFVEN_RECOMPUTE_20260831; B:b_star_from_prot (canonical L142-175): floor(100G); P_rot=138.52578462956555; sp=M2V
GJ 436,GJ 436 b,68.0,44.09,,2.5857909780065222,0.0111648622203241,sub,M2A,"split-monopole_estimate (canonical L235-245, v_w=400 km/s)",ALFVEN_RECOMPUTE_20260831; B:B_star_audit_20260614.csv: Reiners+2022
GJ 667 C,GJ 667 Cb,100.0,105.0,,0.62029635962175,0.0814126976834014,sub,M2D,"split-monopole_estimate (canonical L235-245, v_w=400 km/s)",ALFVEN_RECOMPUTE_20260831; B:B_star_audit_20260614.csv: Reiners+2022 M1.5V slow
GJ 667 C,GJ 667 Cc,100.0,105.0,,0.62029635962175,0.201516578424261,sub,M2D,"split-monopole_estimate (canonical L235-245, v_w=400 km/s)",ALFVEN_RECOMPUTE_20260831; B:B_star_audit_20260614.csv: Reiners+2022 M1.5V slow
GJ 667 C,GJ 667 Ce,100.0,105.0,,0.62029635962175,0.3433842496349407,sub,M2D,"split-monopole_estimate (canonical L235-245, v_w=400 km/s)",ALFVEN_RECOMPUTE_20260831; B:B_star_audit_20260614.csv: Reiners+2022 M1.5V slow
GJ 667 C,GJ 667 Cf,100.0,105.0,,0.62029635962175,0.2514926898734777,sub,M2D,"split-monopole_estimate (canonical L235-245, v_w=400 km/s)",ALFVEN_RECOMPUTE_20260831; B:B_star_audit_20260614.csv: Reiners+2022 M1.5V slow
GJ 667 C,GJ 667 Cg,100.0,105.0,,0.62029635962175,0.8850608124393544,borderline,M2D,"split-monopole_estimate (canonical L235-245, v_w=400 km/s)",ALFVEN_RECOMPUTE_20260831; B:B_star_audit_20260614.csv: Reiners+2022 M1.5V slow
GJ 682,GJ 682 b,400.0,80.0,,3.632170512596575,0.0220253976850908,sub,M1C,"split-monopole_estimate (canonical L235-245, v_w=400 km/s)",ALFVEN_RECOMPUTE_20260831; B:B_star_audit_20260614.csv: Reiners+2022 M4V
GJ 682,GJ 682 c,400.0,80.0,,3.632170512596575,0.0484558749071999,sub,M1C,"split-monopole_estimate (canonical L235-245, v_w=400 km/s)",ALFVEN_RECOMPUTE_20260831; B:B_star_audit_20260614.csv: Reiners+2022 M4V
GJ 832,GJ 832 b,120.0,45.7,,1.973547584639004,1.8499680617874896,borderline,M2A,"split-monopole_estimate (canonical L235-245, v_w=400 km/s)",ALFVEN_RECOMPUTE_20260831; B:B_star_audit_20260614.csv: Reiners+2022 M1.5V
GJ 832,GJ 832 c,120.0,45.7,,1.973547584639004,0.0825923840239279,sub,M2A,"split-monopole_estimate (canonical L235-245, v_w=400 km/s)",ALFVEN_RECOMPUTE_20260831; B:B_star_audit_20260614.csv: Reiners+2022 M1.5V
GJ 876,GJ 876 b,400.0,96.7,,4.604550658876133,0.04647576188297,sub,M2A,"split-monopole_estimate (canonical L235-245, v_w=400 km/s)",ALFVEN_RECOMPUTE_20260831; B:B_star_audit_20260614.csv: Reiners+2022
GJ 876,GJ 876 c,400.0,96.7,,4.604550658876133,0.0291016452912055,sub,M2A,"split-monopole_estimate (canonical L235-245, v_w=400 km/s)",ALFVEN_RECOMPUTE_20260831; B:B_star_audit_20260614.csv: Reiners+2022
GJ 876,GJ 876 d,400.0,96.7,,4.604550658876133,0.0045607056053381,sub,M2A,"split-monopole_estimate (canonical L235-245, v_w=400 km/s)",ALFVEN_RECOMPUTE_20260831; B:B_star_audit_20260614.csv: Reiners+2022
GJ 876,GJ 876 e,400.0,96.7,,4.604550658876133,0.0749258778019844,sub,M2A,"split-monopole_estimate (canonical L235-245, v_w=400 km/s)",ALFVEN_RECOMPUTE_20260831; B:B_star_audit_20260614.csv: Reiners+2022
GJ 887,GJ 887 d,658.2390513715964,10.098695660515432,,4.935146662686475,0.0429571833402407,sub,M1C,"split-monopole_estimate (canonical L235-245, v_w=400 km/s)",ALFVEN_RECOMPUTE_20260831; B:b_star_from_prot (canonical L142-175): unsaturated_scaling; P_rot=10.098695660515432; sp=M1 V
Gl 725 B,Gl 725 Bc,100.0,129.85243516001637,,1.1295828092054354,0.1230542806310717,sub,M3A,"split-monopole_estimate (canonical L235-245, v_w=400 km/s)",ALFVEN_RECOMPUTE_20260831; B:b_star_from_prot (canonical L142-175): floor(100G); P_rot=129.85243516001637; sp=M3.5V
HD 137010,HD 137010 b,15.0,6.5882697605689415,,0.3416111979343206,2.5760279678220384,super,M1C,"split-monopole_estimate (canonical L235-245, v_w=400 km/s)",ALFVEN_RECOMPUTE_20260831; B:B_star_audit_20260614.csv: Vidotto+2014 K3 scaling
HD 216520,HD 216520 b,8.0,35.0,,0.1323210949935498,1.496360047577084,borderline,M1D,"split-monopole_estimate (canonical L235-245, v_w=400 km/s)",ALFVEN_RECOMPUTE_20260831; B:B_star_audit_20260614.csv: Vidotto+2014 K0V scaling
HD 216520,HD 216520 c,8.0,35.0,,0.1323210949935498,3.990293460205557,super,M1D,"split-monopole_estimate (canonical L235-245, v_w=400 km/s)",ALFVEN_RECOMPUTE_20260831; B:B_star_audit_20260614.csv: Vidotto+2014 K0V scaling
HD 283869,HD 283869 b,15.0,14.0,,0.1012677682148698,3.949924117526522,super,M2A,"split-monopole_estimate (canonical L235-245, v_w=400 km/s)",ALFVEN_RECOMPUTE_20260831; B:B_star_audit_20260614.csv: Folsom+2018 K3 scaling
HD 40307,HD 40307 b,10.0,48.0,,0.1470846435831988,0.3229432987892546,sub,M1D,"split-monopole_estimate (canonical L235-245, v_w=400 km/s)",ALFVEN_RECOMPUTE_20260831; B:B_star_audit_20260614.csv: Vidotto+2014 K2V scaling
HD 40307,HD 40307 c,10.0,48.0,,0.1470846435831988,0.5520630707723678,borderline,M1D,"split-monopole_estimate (canonical L235-245, v_w=400 km/s)",ALFVEN_RECOMPUTE_20260831; B:B_star_audit_20260614.csv: Vidotto+2014 K2V scaling
HD 40307,HD 40307 d,10.0,48.0,,0.1470846435831988,0.911040042900213,borderline,M1D,"split-monopole_estimate (canonical L235-245, v_w=400 km/s)",ALFVEN_RECOMPUTE_20260831; B:B_star_audit_20260614.csv: Vidotto+2014 K2V scaling
HD 40307,HD 40307 e,10.0,48.0,,0.1470846435831988,1.2822548663505982,borderline,M1D,"split-monopole_estimate (canonical L235-245, v_w=400 km/s)",ALFVEN_RECOMPUTE_20260831; B:B_star_audit_20260614.csv: Vidotto+2014 K2V scaling
HD 40307,HD 40307 f,10.0,48.0,,0.1470846435831988,1.689503363139574,borderline,M1D,"split-monopole_estimate (canonical L235-245, v_w=400 km/s)",ALFVEN_RECOMPUTE_20260831; B:B_star_audit_20260614.csv: Vidotto+2014 K2V scaling
HD 40307,HD 40307 g,10.0,48.0,,0.1470846435831988,4.079283774180058,super,M1D,"split-monopole_estimate (canonical L235-245, v_w=400 km/s)",ALFVEN_RECOMPUTE_20260831; B:B_star_audit_20260614.csv: Vidotto+2014 K2V scaling
HD 48948,HD 48948 c,12.219861398084497,82.17248422646057,,2.5668934409602056,0.0760062715836845,sub,M2A,"split-monopole_estimate (canonical L235-245, v_w=400 km/s)",ALFVEN_RECOMPUTE_20260831; B:b_star_from_prot (canonical L142-175): unsaturated_scaling; P_rot=82.17248422646057; sp=K3 V
HD 85512,HD 85512 b,10.0,47.1,,0.0813516437751527,3.19600180075786,super,M1C,"split-monopole_estimate (canonical L235-245, v_w=400 km/s)",ALFVEN_RECOMPUTE_20260831; B:B_star_audit_20260614.csv: Vidotto+2014 K6V scaling
HD 97658,HD 97658 b,8.0,38.5,,0.1214128518162421,0.6589088288699424,borderline,M2A,"split-monopole_estimate (canonical L235-245, v_w=400 km/s)",ALFVEN_RECOMPUTE_20260831; B:B_star_audit_20260614.csv: Vidotto+2014 K1V slow
HIP 38594,HIP 38594 Ab,20.0,100.0,,0.1713978265040886,1.493601203827945,borderline,M2A,"split-monopole_estimate (canonical L235-245, v_w=400 km/s)",ALFVEN_RECOMPUTE_20260831; B:B_star_audit_20260614.csv: Vidotto+2014 K0V
HIP 38594,HIP 38594 Ac,20.0,100.0,,0.1713978265040886,22.199814767833324,super,M2A,"split-monopole_estimate (canonical L235-245, v_w=400 km/s)",ALFVEN_RECOMPUTE_20260831; B:B_star_audit_20260614.csv: Vidotto+2014 K0V
HN Lib,HN Lib b,1460.5325284907567,5.197872545226366,,2.446649339838724,0.057915941484831,sub,M1B,"split-monopole_estimate (canonical L235-245, v_w=400 km/s)",ALFVEN_RECOMPUTE_20260831; B:b_star_from_prot (canonical L142-175): unsaturated_scaling; P_rot=5.197872545226366; sp=M4.0 V
K2-18,K2-18 b,400.0,39.6,,3.557618912282738,0.0401673151406507,sub,M2C,"split-monopole_estimate (canonical L235-245, v_w=400 km/s)",ALFVEN_RECOMPUTE_20260831; B:B_star_audit_20260614.csv: Reiners+2022 M2.5V active
K2-18,K2-18 c,400.0,39.6,,3.557618912282738,0.0168652127952347,sub,M2C,"split-monopole_estimate (canonical L235-245, v_w=400 km/s)",ALFVEN_RECOMPUTE_20260831; B:B_star_audit_20260614.csv: Reiners+2022 M2.5V active
K2-288 B,K2-288 Bb,400.0,20.309303480754448,,2.969286178560948,0.0552321299254091,sub,M2A,"split-monopole_estimate (canonical L235-245, v_w=400 km/s)",ALFVEN_RECOMPUTE_20260831; B:B_star_audit_20260614.csv: Reiners+2022 M3V scaling
K2-296,K2-296 b,30.23314898660068,21.678064299998496,,0.9680452417596684,0.1390327581749675,sub,M2B,"split-monopole_estimate (canonical L235-245, v_w=400 km/s)",ALFVEN_RECOMPUTE_20260831; B:b_star_from_prot (canonical L142-175): unsaturated_scaling; P_rot=21.678064299998496; sp=(missing)
K2-3,K2-3 b,350.0,40.0,,1.617131878818556,0.0479243536133985,sub,M2D,"split-monopole_estimate (canonical L235-245, v_w=400 km/s)",ALFVEN_RECOMPUTE_20260831; B:B_star_audit_20260614.csv: Reiners+2022 M0V
K2-3,K2-3 c,350.0,40.0,,1.617131878818556,0.0868822152604192,sub,M2D,"split-monopole_estimate (canonical L235-245, v_w=400 km/s)",ALFVEN_RECOMPUTE_20260831; B:B_star_audit_20260614.csv: Reiners+2022 M0V
K2-3,K2-3 d,350.0,40.0,,1.617131878818556,0.1289938085645797,sub,M2D,"split-monopole_estimate (canonical L235-245, v_w=400 km/s)",ALFVEN_RECOMPUTE_20260831; B:B_star_audit_20260614.csv: Reiners+2022 M0V
K2-72,K2-72 b,400.0,26.65781221611605,,1.9965910710620576,0.0200341474925672,sub,M1D,"split-monopole_estimate (canonical L235-245, v_w=400 km/s)",ALFVEN_RECOMPUTE_20260831; B:B_star_audit_20260614.csv: Reiners+2022 M2V scaling
K2-72,K2-72 c,400.0,26.65781221611605,,1.9965910710620576,0.039066587610506,sub,M1D,"split-monopole_estimate (canonical L235-245, v_w=400 km/s)",ALFVEN_RECOMPUTE_20260831; B:B_star_audit_20260614.csv: Reiners+2022 M2V scaling
K2-72,K2-72 d,400.0,26.65781221611605,,1.9965910710620576,0.025042684365709,sub,M1D,"split-monopole_estimate (canonical L235-245, v_w=400 km/s)",ALFVEN_RECOMPUTE_20260831; B:B_star_audit_20260614.csv: Reiners+2022 M2V scaling
K2-72,K2-72 e,400.0,26.65781221611605,,1.9965910710620576,0.0530904908553031,sub,M1D,"split-monopole_estimate (canonical L235-245, v_w=400 km/s)",ALFVEN_RECOMPUTE_20260831; B:B_star_audit_20260614.csv: Reiners+2022 M2V scaling
Kapteyn's Star,Kapteyn's b,470.0,143.0,,5.734371795557776,0.0292970190963452,sub,M1C,"split-monopole_estimate (canonical L235-245, v_w=400 km/s)",ALFVEN_RECOMPUTE_20260831; B:B_star_audit_20260614.csv: Reiners+2022
Kapteyn's Star,Kapteyn's c,470.0,143.0,,5.734371795557776,0.0542343627319249,sub,M1C,"split-monopole_estimate (canonical L235-245, v_w=400 km/s)",ALFVEN_RECOMPUTE_20260831; B:B_star_audit_20260614.csv: Reiners+2022
Kepler-1229 A,Kepler-1229 Ab,300.0,15.5,,2.2344648204524526,0.1345288577598335,sub,M2C,"split-monopole_estimate (canonical L235-245, v_w=400 km/s)",ALFVEN_RECOMPUTE_20260831; B:B_star_audit_20260614.csv: Reiners+2022 M0V
Kepler-138,Kepler-138 e,445.18606917635657,13.989440629421305,,6.5783683867322384,0.0274080120480395,sub,M1B,"split-monopole_estimate (canonical L235-245, v_w=400 km/s)",ALFVEN_RECOMPUTE_20260831; B:b_star_from_prot (canonical L142-175): unsaturated_scaling; P_rot=13.989440629421305; sp=M1 V
Kepler-1410 A,Kepler-1410 Ab,400.0,140.0,,4.1235798301313995,0.0617322837161826,sub,M2B,"split-monopole_estimate (canonical L235-245, v_w=400 km/s)",ALFVEN_RECOMPUTE_20260831; B:B_star_audit_20260614.csv: Reiners+2022 M2 scaling
Kepler-1454,Kepler-1454 b,300.0,130.0,,10.08578240000378,0.0244102973693996,sub,M1B,"split-monopole_estimate (canonical L235-245, v_w=400 km/s)",ALFVEN_RECOMPUTE_20260831; B:B_star_audit_20260614.csv: Reiners+2022
Kepler-1512 A,Kepler-1512 Ab,300.0,4.8,,1.2327045754617707,0.1065867159948366,sub,M2B,"split-monopole_estimate (canonical L235-245, v_w=400 km/s)",ALFVEN_RECOMPUTE_20260831; B:B_star_audit_20260614.csv: Reiners+2022 K7 scaling
Kepler-1544,Kepler-1544 b,500.0,140.0,,12.474853538357516,0.0446683400559881,sub,M2B,"split-monopole_estimate (canonical L235-245, v_w=400 km/s)",ALFVEN_RECOMPUTE_20260831; B:B_star_audit_20260614.csv: Reiners+2022 M3 scaling
Kepler-1626,Kepler-1626 b,400.0,128.0,,42.16192497389531,0.001372943698873,sub,M2B,"split-monopole_estimate (canonical L235-245, v_w=400 km/s)",ALFVEN_RECOMPUTE_20260831; B:B_star_audit_20260614.csv: Reiners+2022 M0V
Kepler-1629,Kepler-1629 b,300.0,7.7,,8.103624207016653,0.0059788876862361,sub,M2A,"split-monopole_estimate (canonical L235-245, v_w=400 km/s)",ALFVEN_RECOMPUTE_20260831; B:B_star_audit_20260614.csv: Reiners+2022 M0V
Kepler-1632,Kepler-1632 b,300.0,3.65,,23.6574879444791,0.0285829163936149,sub,M1B,"split-monopole_estimate (canonical L235-245, v_w=400 km/s)",ALFVEN_RECOMPUTE_20260831; B:B_star_audit_20260614.csv: Reiners+2022 M0V scaling
Kepler-1634,Kepler-1634 b,20.0,95.0,,0.1105061879043819,8.955183128532266,super,M2A,"split-monopole_estimate (canonical L235-245, v_w=400 km/s)",ALFVEN_RECOMPUTE_20260831; B:B_star_audit_20260614.csv: Vidotto+2014 G/K scaling
Kepler-1635,Kepler-1635 b,20.0,8.89,,0.1239061809768657,9.17941039146047,super,M1C,"split-monopole_estimate (canonical L235-245, v_w=400 km/s)",ALFVEN_RECOMPUTE_20260831; B:B_star_audit_20260614.csv: Vidotto+2014 K0V scaling
Kepler-1646,Kepler-1646 b,300.0,10.1,,1.4570864757748334,0.0227023555976596,sub,M2C,"split-monopole_estimate (canonical L235-245, v_w=400 km/s)",ALFVEN_RECOMPUTE_20260831; B:B_star_audit_20260614.csv: Reiners+2022 K7 scaling
Kepler-1649 A,Kepler-1649 Ab,400.0,1.71,,0.614927582185619,0.0835870783634562,sub,M2D,"split-monopole_estimate (canonical L235-245, v_w=400 km/s)",ALFVEN_RECOMPUTE_20260831; B:B_star_audit_20260614.csv: Reiners+2022 M5V active
Kepler-1649 A,Kepler-1649 Ac,400.0,1.71,,0.614927582185619,0.1350012625957331,sub,M2D,"split-monopole_estimate (canonical L235-245, v_w=400 km/s)",ALFVEN_RECOMPUTE_20260831; B:B_star_audit_20260614.csv: Reiners+2022 M5V active
Kepler-1652,Kepler-1652 b,300.0,140.0,,1.5200884132443502,0.108809460396441,sub,M1D,"split-monopole_estimate (canonical L235-245, v_w=400 km/s)",ALFVEN_RECOMPUTE_20260831; B:B_star_audit_20260614.csv: Reiners+2022 M2 scaling
Kepler-186,Kepler-186 b,400.0,33.0,,2.5518544690999825,0.0134412053725372,sub,M2B,"split-monopole_estimate (canonical L235-245, v_w=400 km/s)",ALFVEN_RECOMPUTE_20260831; B:B_star_audit_20260614.csv: Reiners+2022 M0/1V
Kepler-186,Kepler-186 c,400.0,33.0,,2.5518544690999825,0.0176734216414411,sub,M2B,"split-monopole_estimate (canonical L235-245, v_w=400 km/s)",ALFVEN_RECOMPUTE_20260831; B:B_star_audit_20260614.csv: Reiners+2022 M0/1V
Kepler-186,Kepler-186 d,400.0,33.0,,2.5518544690999825,0.030605193574203,sub,M2B,"split-monopole_estimate (canonical L235-245, v_w=400 km/s)",ALFVEN_RECOMPUTE_20260831; B:B_star_audit_20260614.csv: Reiners+2022 M0/1V
Kepler-186,Kepler-186 e,400.0,33.0,,2.5518544690999825,0.0431059064425394,sub,M2B,"split-monopole_estimate (canonical L235-245, v_w=400 km/s)",ALFVEN_RECOMPUTE_20260831; B:B_star_audit_20260614.csv: Reiners+2022 M0/1V
Kepler-186,Kepler-186 f,400.0,33.0,,2.5518544690999825,0.1692886507561549,sub,M2B,"split-monopole_estimate (canonical L235-245, v_w=400 km/s)",ALFVEN_RECOMPUTE_20260831; B:B_star_audit_20260614.csv: Reiners+2022 M0/1V
Kepler-283 A,Kepler-283 Ab,20.0,120.0,,0.0532971814254148,1.53854289864751,borderline,M2C,"split-monopole_estimate (canonical L235-245, v_w=400 km/s)",ALFVEN_RECOMPUTE_20260831; B:B_star_audit_20260614.csv: Vidotto+2014 K3V scaling
Kepler-283 A,Kepler-283 Ac,20.0,120.0,,0.0532971814254148,6.398086932180499,super,M2C,"split-monopole_estimate (canonical L235-245, v_w=400 km/s)",ALFVEN_RECOMPUTE_20260831; B:B_star_audit_20260614.csv: Vidotto+2014 K3V scaling
Kepler-296 A,Kepler-296 Ab,400.0,80.0,,2.6390910912840955,0.0299345483984644,sub,M1D,"split-monopole_estimate (canonical L235-245, v_w=400 km/s)",ALFVEN_RECOMPUTE_20260831; B:B_star_audit_20260614.csv: Reiners+2022 M2V
Kepler-296 A,Kepler-296 Ac,400.0,80.0,,2.6390910912840955,0.0197416452096202,sub,M1D,"split-monopole_estimate (canonical L235-245, v_w=400 km/s)",ALFVEN_RECOMPUTE_20260831; B:B_star_audit_20260614.csv: Reiners+2022 M2V
Kepler-296 A,Kepler-296 Ad,400.0,80.0,,2.6390910912840955,0.0447123634306177,sub,M1D,"split-monopole_estimate (canonical L235-245, v_w=400 km/s)",ALFVEN_RECOMPUTE_20260831; B:B_star_audit_20260614.csv: Reiners+2022 M2V
Kepler-296 A,Kepler-296 Ae,400.0,80.0,,2.6390910912840955,0.0640371984726643,sub,M1D,"split-monopole_estimate (canonical L235-245, v_w=400 km/s)",ALFVEN_RECOMPUTE_20260831; B:B_star_audit_20260614.csv: Reiners+2022 M2V
Kepler-296 A,Kepler-296 Af,400.0,80.0,,2.6390910912840955,0.0966241752102332,sub,M1D,"split-monopole_estimate (canonical L235-245, v_w=400 km/s)",ALFVEN_RECOMPUTE_20260831; B:B_star_audit_20260614.csv: Reiners+2022 M2V
Kepler-442,Kepler-442 b,30.0,94.0,,0.0892411189416807,4.583089105676523,super,M1C,"split-monopole_estimate (canonical L235-245, v_w=400 km/s)",ALFVEN_RECOMPUTE_20260831; B:B_star_audit_20260614.csv: Vidotto+2014 K5V scaling
Kepler-452,Kepler-452 b,2.0,8.89,,0.1122736818452176,9.316519978760764,super,M1B,"split-monopole_estimate (canonical L235-245, v_w=400 km/s)",ALFVEN_RECOMPUTE_20260831; B:B_star_audit_20260614.csv: Vidotto+2014 G2V scaling (similar to Sun)
Kepler-51,Kepler-51 e,50.0,5.493958185359531,,0.3148109963672954,2.5474173686879262,super,M1C,"split-monopole_estimate (canonical L235-245, v_w=400 km/s)",ALFVEN_RECOMPUTE_20260831; B:b_star_from_prot (canonical L142-175): saturated; P_rot=5.493958185359531; sp=G3V
Kepler-62,Kepler-62 b,15.0,0.42,,0.0511084360333112,1.0820131526614671,borderline,M1B,"split-monopole_estimate (canonical L235-245, v_w=400 km/s)",ALFVEN_RECOMPUTE_20260831; B:B_star_audit_20260614.csv: Vidotto+2014 K2V scaling
Kepler-62,Kepler-62 c,15.0,0.42,,0.0511084360333112,1.81770383150543,borderline,M1B,"split-monopole_estimate (canonical L235-245, v_w=400 km/s)",ALFVEN_RECOMPUTE_20260831; B:B_star_audit_20260614.csv: Vidotto+2014 K2V scaling
Kepler-62,Kepler-62 d,15.0,0.42,,0.0511084360333112,2.347948975033925,super,M1B,"split-monopole_estimate (canonical L235-245, v_w=400 km/s)",ALFVEN_RECOMPUTE_20260831; B:B_star_audit_20260614.csv: Vidotto+2014 K2V scaling
Kepler-62,Kepler-62 e,15.0,0.42,,0.0511084360333112,8.35478510282905,super,M1B,"split-monopole_estimate (canonical L235-245, v_w=400 km/s)",ALFVEN_RECOMPUTE_20260831; B:B_star_audit_20260614.csv: Vidotto+2014 K2V scaling
Kepler-62,Kepler-62 f,15.0,0.42,,0.0511084360333112,14.048561367286316,super,M1B,"split-monopole_estimate (canonical L235-245, v_w=400 km/s)",ALFVEN_RECOMPUTE_20260831; B:B_star_audit_20260614.csv: Vidotto+2014 K2V scaling
Kepler-725,Kepler-725 c,30.33568125986713,18.19818696459967,,1.0071338368494036,0.6692258519567376,borderline,M2A,"split-monopole_estimate (canonical L235-245, v_w=400 km/s)",ALFVEN_RECOMPUTE_20260831; B:b_star_from_prot (canonical L142-175): unsaturated_scaling; P_rot=18.19818696459967; sp=G8V
Kepler-78 A,Kepler-78 Ab,300.0,12.5,,1.5959237697692052,0.0062659634435084,sub,M2A,"split-monopole_estimate (canonical L235-245, v_w=400 km/s)",ALFVEN_RECOMPUTE_20260831; B:B_star_audit_20260614.csv: Reiners+2022 K0V active
KOI-4427 A,KOI-4427 Ab,400.0,62.0,,0.9936759054871028,0.4216666598095734,sub,M2D,"split-monopole_estimate (canonical L235-245, v_w=400 km/s)",ALFVEN_RECOMPUTE_20260831; B:B_star_audit_20260614.csv: Reiners+2022 K6V active
KOI-4878,KOI-4878 b,2.0,16.562271559438752,,0.1039380375627136,10.939209808670498,super,M1A,"split-monopole_estimate (canonical L235-245, v_w=400 km/s)",ALFVEN_RECOMPUTE_20260831; B:B_star_audit_20260614.csv: Vidotto+2014 G2V scaling
L 98-59,L 98-59 f,574.8275364763142,11.305862102857084,,4.070306081680557,0.0258702903140206,sub,M1D,"split-monopole_estimate (canonical L235-245, v_w=400 km/s)",ALFVEN_RECOMPUTE_20260831; B:b_star_from_prot (canonical L142-175): unsaturated_scaling; P_rot=11.305862102857084; sp=M3 V
LHS 1140,LHS 1140 b,200.0,131.0,,1.343189511856102,0.0696848800365167,sub,M2A,"split-monopole_estimate (canonical L235-245, v_w=400 km/s)",ALFVEN_RECOMPUTE_20260831; B:B_star_audit_20260614.csv: Reiners+2022
LHS 1140,LHS 1140 c,200.0,131.0,,1.343189511856102,0.0199152835574447,sub,M2A,"split-monopole_estimate (canonical L235-245, v_w=400 km/s)",ALFVEN_RECOMPUTE_20260831; B:B_star_audit_20260614.csv: Reiners+2022
LP 890-9,LP 890-9 b,300.0,11.072107375485926,,1.0465077567659733,0.0179167329422795,sub,M2D,"split-monopole_estimate (canonical L235-245, v_w=400 km/s)",ALFVEN_RECOMPUTE_20260831; B:B_star_audit_20260614.csv: Reiners+2022 M6V scaling
LP 890-9,LP 890-9 c,300.0,11.072107375485926,,1.0465077567659733,0.0380694741557556,sub,M2D,"split-monopole_estimate (canonical L235-245, v_w=400 km/s)",ALFVEN_RECOMPUTE_20260831; B:B_star_audit_20260614.csv: Reiners+2022 M6V scaling
LTT 1445 A,LTT 1445 Ad,2000.0,1.3983576390859198,,1.2218276857820345,0.0736601413172228,sub,M2A,"split-monopole_estimate (canonical L235-245, v_w=400 km/s)",ALFVEN_RECOMPUTE_20260831; B:b_star_from_prot (canonical L142-175): saturated; P_rot=1.3983576390859198; sp=M3.0
Luyten's Star,Luyten's Star b,250.0,98.0,,3.092268960059866,0.0294282292955003,sub,M1A,"split-monopole_estimate (canonical L235-245, v_w=400 km/s)",ALFVEN_RECOMPUTE_20260831; B:B_star_audit_20260614.csv: Reiners+2022 M3.5V
Luyten's Star,Luyten's Star c,250.0,98.0,,3.092268960059866,0.0116419368641539,sub,M1A,"split-monopole_estimate (canonical L235-245, v_w=400 km/s)",ALFVEN_RECOMPUTE_20260831; B:B_star_audit_20260614.csv: Reiners+2022 M3.5V
Luyten's Star,Luyten's Star d,250.0,98.0,,3.092268960059866,0.2302516402021562,sub,M1A,"split-monopole_estimate (canonical L235-245, v_w=400 km/s)",ALFVEN_RECOMPUTE_20260831; B:B_star_audit_20260614.csv: Reiners+2022 M3.5V
Luyten's Star,Luyten's Star e,250.0,98.0,,3.092268960059866,0.2745556777129643,sub,M1A,"split-monopole_estimate (canonical L235-245, v_w=400 km/s)",ALFVEN_RECOMPUTE_20260831; B:B_star_audit_20260614.csv: Reiners+2022 M3.5V
Proxima Centauri,Proxima Centauri b,600.0,82.6,,0.05,0.9712,borderline,M2B,literature override (canonical L89-95): Garraffo+2016 3D MHD,ALFVEN_RECOMPUTE_20260831; B:B_star_audit_20260614.csv: Reiners+2022 A&A 662 A41
Proxima Centauri,Proxima Centauri d,600.0,82.6,,0.05,0.577,borderline,M2B,literature override (canonical L89-95): Garraffo+2016 3D MHD,ALFVEN_RECOMPUTE_20260831; B:B_star_audit_20260614.csv: Reiners+2022 A&A 662 A41
Ross 128,Ross 128 b,200.0,121.0,,1.1149123524708795,0.0444878020142803,sub,M1A,"split-monopole_estimate (canonical L235-245, v_w=400 km/s)",ALFVEN_RECOMPUTE_20260831; B:B_star_audit_20260614.csv: Reiners+2022
Ross 318,Ross 318 b,100.0,132.7915005807125,,3.1019727103404766,0.0512577043215018,sub,M1D,"split-monopole_estimate (canonical L235-245, v_w=400 km/s)",ALFVEN_RECOMPUTE_20260831; B:b_star_from_prot (canonical L142-175): floor(100G); P_rot=132.7915005807125; sp=M3V
Ross 508,Ross 508 b,368.2407229777875,16.386082694645967,,2.3688241408333677,0.0223739698892777,sub,M2A,"split-monopole_estimate (canonical L235-245, v_w=400 km/s)",ALFVEN_RECOMPUTE_20260831; B:b_star_from_prot (canonical L142-175): unsaturated_scaling; P_rot=16.386082694645967; sp=M4.5 V
Sun,Sol d (Earth),1.0,27.0,,0.0455619194242422,21.948153471952462,super,,"split-monopole_estimate (canonical L235-245, v_w=400 km/s)","ALFVEN_RECOMPUTE_20260831; B:anchor_lit (compute_alfven_sempac.py sanity-anchor table: Sun B=1 G, Mdot=1 Mdot_sun)"
Sun,Sol e (Mars),1.0,27.0,,0.0455619194242422,33.44156741538204,super,,"split-monopole_estimate (canonical L235-245, v_w=400 km/s)","ALFVEN_RECOMPUTE_20260831; B:anchor_lit (compute_alfven_sempac.py sanity-anchor table: Sun B=1 G, Mdot=1 Mdot_sun)"
tau Cet,tau Cet e,2.0,34.0,,0.8877755701533806,0.6060090163407515,borderline,M1A,"split-monopole_estimate (canonical L235-245, v_w=400 km/s)",ALFVEN_RECOMPUTE_20260831; B:B_star_audit_20260614.csv: Petit+2008
tau Cet,tau Cet f,2.0,34.0,,0.8877755701533806,1.5026320219304137,borderline,M1A,"split-monopole_estimate (canonical L235-245, v_w=400 km/s)",ALFVEN_RECOMPUTE_20260831; B:B_star_audit_20260614.csv: Petit+2008
tau Cet,tau Cet g,2.0,34.0,,0.8877755701533806,0.1498126378686244,sub,M1A,"split-monopole_estimate (canonical L235-245, v_w=400 km/s)",ALFVEN_RECOMPUTE_20260831; B:B_star_audit_20260614.csv: Petit+2008
tau Cet,tau Cet h,2.0,34.0,,0.8877755701533806,0.2737178270832762,sub,M1A,"split-monopole_estimate (canonical L235-245, v_w=400 km/s)",ALFVEN_RECOMPUTE_20260831; B:B_star_audit_20260614.csv: Petit+2008
Teegarden's,Teegarden's b,300.0,99.0,,0.6224231805825868,0.0416115607644266,sub,M1B,"split-monopole_estimate (canonical L235-245, v_w=400 km/s)",ALFVEN_RECOMPUTE_20260831; B:B_star_audit_20260614.csv: Reiners+2022 M7V
Teegarden's,Teegarden's c,300.0,99.0,,0.6224231805825868,0.0731013905321008,sub,M1B,"split-monopole_estimate (canonical L235-245, v_w=400 km/s)",ALFVEN_RECOMPUTE_20260831; B:B_star_audit_20260614.csv: Reiners+2022 M7V
Teegarden's,Teegarden's d,300.0,99.0,,0.6224231805825868,0.1270839558481137,sub,M1B,"split-monopole_estimate (canonical L235-245, v_w=400 km/s)",ALFVEN_RECOMPUTE_20260831; B:B_star_audit_20260614.csv: Reiners+2022 M7V
TOI-1266,TOI-1266 d,100.0,142.36749345653806,,2.5804374115172095,0.0586334701724234,sub,M2C,"split-monopole_estimate (canonical L235-245, v_w=400 km/s)",ALFVEN_RECOMPUTE_20260831; B:b_star_from_prot (canonical L142-175): floor(100G); P_rot=142.36749345653806; sp=M2
TOI-2443,TOI-2443 c,200.0,5.044972516862853,,0.6624149088365634,0.5327476711232514,borderline,M1B,"split-monopole_estimate (canonical L235-245, v_w=400 km/s)",ALFVEN_RECOMPUTE_20260831; B:b_star_from_prot (canonical L142-175): saturated; P_rot=5.044972516862853; sp=K5 V
TOI-700,TOI-700 b,400.0,54.6,,5.139445816155478,0.0131726264701906,sub,M1B,"split-monopole_estimate (canonical L235-245, v_w=400 km/s)",ALFVEN_RECOMPUTE_20260831; B:B_star_audit_20260614.csv: Reiners+2022 M2V slow
TOI-700,TOI-700 c,400.0,54.6,,5.139445816155478,0.0180758788638213,sub,M1B,"split-monopole_estimate (canonical L235-245, v_w=400 km/s)",ALFVEN_RECOMPUTE_20260831; B:B_star_audit_20260614.csv: Reiners+2022 M2V slow
TOI-700,TOI-700 d,400.0,54.6,,5.139445816155478,0.0317738538047581,sub,M1B,"split-monopole_estimate (canonical L235-245, v_w=400 km/s)",ALFVEN_RECOMPUTE_20260831; B:B_star_audit_20260614.csv: Reiners+2022 M2V slow
TOI-700,TOI-700 e,400.0,54.6,,5.139445816155478,0.0260728500296239,sub,M1B,"split-monopole_estimate (canonical L235-245, v_w=400 km/s)",ALFVEN_RECOMPUTE_20260831; B:B_star_audit_20260614.csv: Reiners+2022 M2V slow
TOI-715,TOI-715 b,400.0,4.756436571404594,,3.0859891111288817,0.0268957527104293,sub,M1B,"split-monopole_estimate (canonical L235-245, v_w=400 km/s)",ALFVEN_RECOMPUTE_20260831; B:B_star_audit_20260614.csv: Reiners+2022 M4V scaling
TRAPPIST-1,TRAPPIST-1 b,600.0,3.295,,0.1,0.1110999999999999,sub,M1D,literature override (canonical L89-95): Garraffo+2017 3D MHD,ALFVEN_RECOMPUTE_20260831; B:B_star_audit_20260614.csv: Reiners+2022 A&A 662 A41
TRAPPIST-1,TRAPPIST-1 c,600.0,3.295,,0.1,0.1520999999999999,sub,M1D,literature override (canonical L89-95): Garraffo+2017 3D MHD,ALFVEN_RECOMPUTE_20260831; B:B_star_audit_20260614.csv: Reiners+2022 A&A 662 A41
TRAPPIST-1,TRAPPIST-1 d,600.0,3.295,,0.1,0.2144,sub,M1D,literature override (canonical L89-95): Garraffo+2017 3D MHD,ALFVEN_RECOMPUTE_20260831; B:B_star_audit_20260614.csv: Reiners+2022 A&A 662 A41
TRAPPIST-1,TRAPPIST-1 e,600.0,3.295,,0.1,0.2817,sub,M1D,literature override (canonical L89-95): Garraffo+2017 3D MHD,ALFVEN_RECOMPUTE_20260831; B:B_star_audit_20260614.csv: Reiners+2022 A&A 662 A41
TRAPPIST-1,TRAPPIST-1 f,600.0,3.295,,0.1,0.371,sub,M1D,literature override (canonical L89-95): Garraffo+2017 3D MHD,ALFVEN_RECOMPUTE_20260831; B:B_star_audit_20260614.csv: Reiners+2022 A&A 662 A41
TRAPPIST-1,TRAPPIST-1 g,600.0,3.295,,0.1,0.451,sub,M1D,literature override (canonical L89-95): Garraffo+2017 3D MHD,ALFVEN_RECOMPUTE_20260831; B:B_star_audit_20260614.csv: Reiners+2022 A&A 662 A41
TRAPPIST-1,TRAPPIST-1 h,600.0,3.295,,0.1,0.63,borderline,M1D,literature override (canonical L89-95): Garraffo+2017 3D MHD,ALFVEN_RECOMPUTE_20260831; B:B_star_audit_20260614.csv: Reiners+2022 A&A 662 A41
Wolf 1061,Wolf 1061 b,300.0,85.0,,4.073802940745016,0.0092051580661734,sub,M1B,"split-monopole_estimate (canonical L235-245, v_w=400 km/s)",ALFVEN_RECOMPUTE_20260831; B:B_star_audit_20260614.csv: Reiners+2022 M3V
Wolf 1061,Wolf 1061 c,300.0,85.0,,4.073802940745016,0.0218469084770515,sub,M1B,"split-monopole_estimate (canonical L235-245, v_w=400 km/s)",ALFVEN_RECOMPUTE_20260831; B:B_star_audit_20260614.csv: Reiners+2022 M3V
Wolf 1061,Wolf 1061 d,300.0,85.0,,4.073802940745016,0.1153713144293735,sub,M1B,"split-monopole_estimate (canonical L235-245, v_w=400 km/s)",ALFVEN_RECOMPUTE_20260831; B:B_star_audit_20260614.csv: Reiners+2022 M3V
Wolf 1069,Wolf 1069 b,100.0,148.51529390485675,,0.4735846526519361,0.1418964901495426,sub,M2A,"split-monopole_estimate (canonical L235-245, v_w=400 km/s)",ALFVEN_RECOMPUTE_20260831; B:b_star_from_prot (canonical L142-175): floor(100G); P_rot=148.51529390485675; sp=M5.0 V
GJ 1002,GJ 1002 b,440.21485779587863,14.120966,HIGH,1.190440907957364,0.0383891377509993,sub,M1B,"split-monopole_estimate (canonical, v_w=400 km/s)",alfven_addendum_20260901; params:Suarez Mascareno+2023 A&A 670 A5; B:unsaturated_scaling
GJ 1002,GJ 1002 c,440.21485779587863,14.120966,HIGH,1.190440907957364,0.0619938373309355,sub,M1B,"split-monopole_estimate (canonical, v_w=400 km/s)",alfven_addendum_20260901; params:Suarez Mascareno+2023 A&A 670 A5; B:unsaturated_scaling
Kepler-1638,Kepler-1638 b,4.925243717855654,82.787826,LOW,2.6674140594847913,0.2953584890925053,sub,M1D,"split-monopole_estimate (canonical, v_w=400 km/s)",alfven_addendum_20260901; params:gaia request / Morton+2016; B:unsaturated_scaling
