host_name,host_name_tessall,FFD_alpha,FFD_beta,n_flares_real,n_flares_candidate,obs_time_days,E_max_1yr_erg,E_max_method,alpha_reliable,source
55 Cnc B,55 Cnc B,,,0,15,94.0492067396217,1.2642551830819228e+33,spot-theoretical-from-MAD,False,RECOMP_20260831_RULEB
82 Eri,82 Eri,,,0,12,152.85957153872118,2.701099468447748e+31,spot-theoretical-from-MAD,False,RECOMP_20260831_RULEB
GJ 1002,GJ 1002,,,1,0,36.136119728401354,2.3365399261853943e+31,observed-max-real,False,RECOMP_20260901_NEWHOST
GJ 1061,GJ 1061,,,1,1,130.03246756044427,2.188655517069898e+31,observed-max-real,False,RECOMP_20260831_RULEB
GJ 15 A,GJ 15A,,,0,0,67.72227406025081,2.8628182421346355e+32,spot-theoretical-from-MAD,False,RECOMP_20260831_RULEB
GJ 163,GJ 163,,,2,0,152.862366485248,8.46757381878216e+31,observed-max-real,False,RECOMP_20260831_RULEB
GJ 180,GJ 180,,,0,0,90.23145261555237,1.2398918684069966e+33,spot-theoretical,False,RECOMP_20260831_RULEB
GJ 229,GJ 229 A,,,0,1,67.8897965607814,3.0960956962103606e+32,spot-theoretical-from-MAD,False,RECOMP_20260831_RULEB
Luyten's Star,GJ 273,,,0,1,22.774738345186734,6.706798391573386e+30,spot-theoretical,False,RECOMP_20260831_RULEB
GJ 3293,GJ 3293,,,0,0,109.89901790414729,3.9824554220230226e+32,spot-theoretical,False,RECOMP_20260831_RULEB
GJ 3323,GJ 3323,-0.5359755624715861,18.453517211504078,10,2,48.111379326848464,2.690131370391303e+34,FFD-1yr-extrapolation,True,RECOMP_20260831_RULEB
GJ 3378,GJ 3378,,,1,0,82.00592671901904,1.4892026148428707e+31,observed-max-real,False,RECOMP_20260831_RULEB
GJ 357,GJ 357,,,1,0,109.46503505865212,3.261845376338656e+31,observed-max-real,False,RECOMP_20260831_RULEB
GJ 367,GJ 367,,,0,1,168.05666189511408,7.64320339375872e+32,spot-theoretical-from-MAD,False,RECOMP_20260831_RULEB
GJ 4274,GJ 4274,-0.6428787266001245,22.547021305393116,21,5,55.96061985304004,1.1802301956643267e+35,FFD-1yr-extrapolation,True,RECOMP_20260831_RULEB
GJ 433,GJ 433,,,0,0,96.94487901609045,8.161939519370685e+32,spot-theoretical-from-MAD,False,RECOMP_20260831_RULEB
GJ 436,GJ 436,,,0,0,41.2762586490785,8.824582982597344e+32,spot-theoretical-from-MAD,False,RECOMP_20260831_RULEB
GJ 667 C,GJ 667 C,-0.6460440972218278,23.045277881086903,6,31,80.1734104752029,2.6243236242392187e+34,observed-max-real,False,RECOMP_20260831_RULEB
GJ 682,GJ 682,,,1,1,69.75263361630869,4.884210572668721e+31,observed-max-real,False,RECOMP_20260831_RULEB
GJ 832,GJ 832,,,0,1,136.92523174088183,3.411444449811343e+32,spot-theoretical-from-MAD,False,RECOMP_20260831_RULEB
GJ 876,GJ 876,,,0,0,102.20330071920034,3.6639171060786005e+32,spot-theoretical-from-MAD,False,RECOMP_20260831_RULEB
GJ 887,GJ 887,,,0,3,86.24778129007063,3.7367809304436493e+31,spot-theoretical,False,RECOMP_20260831_RULEB
Gl 725 B,Gl 725 B,-0.4904166024177783,17.14721674288623,47,1041,677.4993159517505,9.21706545228394e+34,FFD-1yr-extrapolation,True,RECOMP_20260831_RULEB
HD 137010,HD 137010,,,0,0,17.843704958060243,3.726529223957197e+31,spot-theoretical,False,RECOMP_20260831_RULEB
HD 216520,HD 216520,,,0,0,268.1930029632547,2.5160941953828975e+32,spot-theoretical-from-MAD,False,RECOMP_20260831_RULEB
HD 283869,HD 283869,,,0,0,65.56580518883447,9.900506240323753e+32,spot-theoretical-from-MAD,False,RECOMP_20260831_RULEB
HD 40307,HD 40307,,,0,0,978.4507973277377,1.689951813906082e+32,spot-theoretical-from-MAD,False,RECOMP_20260831_RULEB
HD 48948,HD 48948,,,0,0,60.084438396169844,3.2576366269580754e+32,spot-theoretical-from-MAD,False,RECOMP_20260831_RULEB
HD 85512,HD 85512,,,0,3,166.86117308933353,6.813397953355686e+31,spot-theoretical-from-MAD,False,RECOMP_20260831_RULEB
HD 97658,HD 97658,,,0,0,41.045317088137836,3.667972407279914e+32,spot-theoretical-from-MAD,False,RECOMP_20260831_RULEB
HIP 38594,HIP 38594,,,0,0,96.92791843133227,4.618201903122657e+32,spot-theoretical-from-MAD,False,RECOMP_20260831_RULEB
HN Lib,HN Lib,,,0,0,16.646065601181363,2.5836400378829826e+31,spot-theoretical,False,RECOMP_20260831_RULEB
K2-18,K2-18,,,0,1,79.31632126177283,6.222162630773906e+33,spot-theoretical,False,RECOMP_20260831_RULEB
K2-288 B,K2-288 B,,,0,0,70.87765334018695,9.170104485686081e+32,spot-theoretical,False,RECOMP_20260831_RULEB
K2-296,K2-296,,,2,4,77.08947104640538,2.973230773628007e+33,observed-max-real,False,RECOMP_20260831_RULEB
K2-3,K2-3,,,0,4,79.31639031258965,1.2275845069862171e+34,spot-theoretical-from-MAD,False,RECOMP_20260831_RULEB
K2-72,K2-72,,,0,1,69.16137221489407,1.1338783118389773e+32,spot-theoretical,False,RECOMP_20260831_RULEB
KOI-4427 A,KOI-4427.01,-2.5204656784582204,86.02751559380513,87,179,1071.8636078693053,1.6827834150517547e+34,observed-max-real,False,RECOMP_20260831_RULEB
KOI-4878,KOI-4878,,,0,0,1074.560982883846,2.0470797127560753e+30,spot-theoretical,False,RECOMP_20260831_RULEB
Kapteyn's Star,Kapteyn's,,,0,0,179.23138901689435,9.33151537124849e+31,spot-theoretical-from-MAD,False,RECOMP_20260831_RULEB
Kepler-1229 A,Kepler-1229,,,0,23,1069.8927005889564,3.54957192933303e+33,spot-theoretical,False,RECOMP_20260831_RULEB
Kepler-138,Kepler-138,,,0,0,1339.6874725870293,1.5988761262494657e+31,spot-theoretical,False,RECOMP_20260831_RULEB
Kepler-1410 A,Kepler-1410,,,0,3,1306.2160388826524,2.5193067182984794e+33,spot-theoretical,False,RECOMP_20260831_RULEB
Kepler-1454,Kepler-1454,,,0,0,1064.853869331364,1.848310879745437e+31,spot-theoretical,False,RECOMP_20260831_RULEB
Kepler-1512 A,Kepler-1512,,,0,14,1349.660317878639,1.6740682157681015e+33,spot-theoretical,False,RECOMP_20260831_RULEB
Kepler-1544,Kepler-1544,,,0,0,1339.688165081021,1.4058159242979856e+33,spot-theoretical,False,RECOMP_20260831_RULEB
Kepler-1626,Kepler-1626,,,0,0,117.19116230766554,2.75668044220881e+33,spot-theoretical-from-MAD,False,RECOMP_20260831_RULEB
Kepler-1629,Kepler-1629,,,0,6,1349.660831847119,6.264681813427389e+32,spot-theoretical,False,RECOMP_20260831_RULEB
Kepler-1632,Kepler-1632,,,0,14,1349.6610715749594,1.1813255685002605e+31,spot-theoretical,False,RECOMP_20260831_RULEB
Kepler-1634,Kepler-1634,,,0,1,1339.6879403179228,7.510838546659331e+32,spot-theoretical,False,RECOMP_20260831_RULEB
Kepler-1635,Kepler-1635,,,0,0,1339.6877030217584,3.159600058619507e+31,spot-theoretical,False,RECOMP_20260831_RULEB
Kepler-1638,Kepler-1638,,,0,0,1339.688090995187,1.807299906552673e+32,spot-theoretical-from-MAD,False,RECOMP_20260901_NEWHOST
Kepler-1646,Kepler-1646,-1.3471041983863214,45.5331409761226,85,105,1339.9563634960796,6.320573556598268e+33,FFD-1yr-extrapolation,True,RECOMP_20260831_RULEB
Kepler-1649 A,Kepler-1649,,,0,0,209.27604352830983,1.1898947486519222e+30,spot-theoretical,False,CORRECTION_20260903_KEPLER_LC
Kepler-1652,Kepler-1652,,,1,2,1339.6881034084872,2.5386524786122998e+32,observed-max-real,False,RECOMP_20260831_RULEB
Kepler-186,Kepler-186,,,0,0,1339.688049961358,1.304025608834427e+33,spot-theoretical,False,RECOMP_20260831_RULEB
Kepler-283 A,Kepler-283,,,3,1,1339.688014669795,3.693645054416984e+33,observed-max-real,False,RECOMP_20260831_RULEB
Kepler-296 A,Kepler-296,,,0,0,1064.854678280335,2.784011426630361e+32,spot-theoretical,False,RECOMP_20260831_RULEB
Kepler-442,Kepler-442,,,0,34,1339.9541344266545,3.7686486307339625e+31,spot-theoretical,False,RECOMP_20260831_RULEB
Kepler-452,Kepler-452,,,0,0,298.00188864996016,1.2483256421838278e+31,spot-theoretical,False,RECOMP_20260831_RULEB
Kepler-51,Kepler-51,,,0,0,1081.5699600981607,4.811642302084311e+31,spot-theoretical,False,RECOMP_20260831_RULEB
Kepler-62,Kepler-62,,,0,15,1339.9542460845514,1.819372144390161e+31,spot-theoretical,False,RECOMP_20260831_RULEB
Kepler-725,Kepler-725,,,0,3,1339.687638531148,9.748602171481525e+32,spot-theoretical,False,RECOMP_20260831_RULEB
Kepler-78 A,Kepler-78,,,0,0,1349.6604622077502,6.021688419125028e+32,spot-theoretical,False,RECOMP_20260831_RULEB
L 98-59,L 98-59,,,6,1,641.0197730683142,1.535688494042034e+32,observed-max-real,False,RECOMP_20260831_RULEB
LHS 1140,LHS 1140,,,0,0,40.09100742837563,9.683159701819348e+32,spot-theoretical-from-MAD,False,RECOMP_20260831_RULEB
LP 890-9,LP 890-9,,,0,0,92.00256940340182,1.0607640139050241e+34,spot-theoretical-from-MAD,False,RECOMP_20260831_RULEB
LTT 1445 A,LTT 1445 A,,,5,0,44.13999927008513,4.6910085096669944e+32,observed-max-real,False,RECOMP_20260831_RULEB
Proxima Centauri,Proxima Centauri,-0.9399968098048893,31.328792926395288,151,95,194.65174119356516,2.131160826479857e+33,FFD-1yr-extrapolation,True,RECOMP_20260831_RULEB
Ross 128,Ross 128,,,0,0,23.567642251656707,1.2240667860797098e+30,spot-theoretical,False,RECOMP_20260831_RULEB
Ross 318,Ross 318,,,1,3,263.96323576122427,2.4614699559914873e+32,observed-max-real,False,RECOMP_20260831_RULEB
Ross 508,Ross 508,,,0,0,10.856922077745367,6.366554642606186e+32,spot-theoretical-from-MAD,False,RECOMP_20260831_RULEB
TOI-1266,TOI-1266,,,0,0,196.01703618305555,3.8774173645435566e+33,spot-theoretical-from-MAD,False,RECOMP_20260831_RULEB
TOI-2443,TOI-2443,,,0,1,22.522043353435038,2.171271392630852e+31,spot-theoretical,False,RECOMP_20260831_RULEB
TOI-700,TOI-700,,,0,0,835.3093343577043,1.1260451341730297e+31,spot-theoretical,False,RECOMP_20260831_RULEB
TOI-715,TOI-715,,,0,1,991.6988170421175,1.4662745703167667e+31,spot-theoretical,False,RECOMP_20260831_RULEB
TRAPPIST-1,TRAPPIST-1,,,0,1,19.257503493705826,1.1620939875277243e+32,spot-theoretical,False,RECOMP_20260831_RULEB
Teegarden's,Teegarden's,,,2,0,63.91809359763329,1.2973411799070827e+31,observed-max-real,False,RECOMP_20260831_RULEB
Wolf 1061,Wolf 1061,,,0,0,18.106582425835313,1.165461773607878e+31,spot-theoretical,False,RECOMP_20260831_RULEB
Wolf 1069,Wolf 1069,,,0,0,169.7069177638905,6.046715086019157e+32,spot-theoretical-from-MAD,False,RECOMP_20260831_RULEB
tau Cet,tau Cet,,,0,0,41.47617051174075,7.754283727601773e+30,spot-theoretical,False,RECOMP_20260831_RULEB
