planet_name,host_name,alpha_used,alpha_source,xuv_cumulative_erg_cm2,integration_gyr,escape_metric,shoreline_side,shoreline_margin,method,source,age_gyr_used,age_source,mass_me_used,mass_source,vesc_kms,xuv_rel_earth,flare_frac,host_name_tessall
Sol d (Earth),Sun,-0.8,default FGK (Shibayama+2013),8.6471e+18,4.57,11.19,boundary,-0.0,quiescent(sat-decay)+flare(FFD),xuv_shoreline_20260901 (Zahnle&Catling2017 vesc^4; Earth-normalized self-consistently),4.57,canonical solar age,1.0,"measured mass (exoplanet.eu, Mjup->Me)",11.19,1.000e+00,0.00,Sun
Sol e (Mars),Sun,-0.8,default FGK (Shibayama+2013),3.7247e+18,4.57,5.02,escape,-1.02,quiescent(sat-decay)+flare(FFD),xuv_shoreline_20260901 (Zahnle&Catling2017 vesc^4; Earth-normalized self-consistently),4.57,canonical solar age,0.107,"measured mass (exoplanet.eu, Mjup->Me)",5.02,4.307e-01,0.00,Sun
HD 40307 g,HD 40307,-0.8,default FGK (Shibayama+2013),5.7693e+18,5.0,22.89,retain,1.42,quiescent(sat-decay)+flare(FFD),xuv_shoreline_20260901 (Zahnle&Catling2017 vesc^4; Earth-normalized self-consistently),5.0,ASSUMED 5.0 Gyr (no measurement),7.088,mass_sini lower limit (Mjup->Me),22.89,6.672e-01,0.00,HD 40307
GJ 180 c,GJ 180,-0.73,default M (Medina+2020),8.2631e+19,5.0,22.07,boundary,0.2,quiescent(sat-decay)+flare(FFD),xuv_shoreline_20260901 (Zahnle&Catling2017 vesc^4; Earth-normalized self-consistently),5.0,ASSUMED 5.0 Gyr (no measurement),6.4,mass_sini lower limit (Mjup->Me),22.07,9.556e+00,0.00,GJ 180
GJ 682 b,GJ 682,-0.73,default M (Medina+2020),6.8058e+19,5.0,19.29,boundary,0.05,quiescent(sat-decay)+flare(FFD),xuv_shoreline_20260901 (Zahnle&Catling2017 vesc^4; Earth-normalized self-consistently),5.0,ASSUMED 5.0 Gyr (no measurement),4.4,mass_sini lower limit (Mjup->Me),19.29,7.871e+00,0.00,GJ 682
GJ 3293 d,GJ 3293,-0.73,default M (Medina+2020),3.7809e+19,5.0,23.51,retain,0.65,quiescent(sat-decay)+flare(FFD),xuv_shoreline_20260901 (Zahnle&Catling2017 vesc^4; Earth-normalized self-consistently),5.0,ASSUMED 5.0 Gyr (no measurement),7.628,mass_sini lower limit (Mjup->Me),23.51,4.372e+00,0.00,GJ 3293
GJ 3323 b,GJ 3323,-0.536,measured (RECOMP FFD fit),8.1230e+19,5.0,14.59,escape,-0.51,quiescent(sat-decay)+flare(FFD),xuv_shoreline_20260901 (Zahnle&Catling2017 vesc^4; Earth-normalized self-consistently),5.0,ASSUMED 5.0 Gyr (no measurement),2.021,mass_sini lower limit (Mjup->Me),14.59,9.394e+00,0.03,GJ 3323
Wolf 1061 c,Wolf 1061,-0.73,default M (Medina+2020),8.9665e+19,5.0,17.58,boundary,-0.23,quiescent(sat-decay)+flare(FFD),xuv_shoreline_20260901 (Zahnle&Catling2017 vesc^4; Earth-normalized self-consistently),5.0,ASSUMED 5.0 Gyr (no measurement),3.401,mass_sini lower limit (Mjup->Me),17.58,1.037e+01,0.00,Wolf 1061
tau Cet e,tau Cet,-0.8,default FGK (Shibayama+2013),1.3916e+19,5.8,18.54,retain,0.67,quiescent(sat-decay)+flare(FFD),xuv_shoreline_20260901 (Zahnle&Catling2017 vesc^4; Earth-normalized self-consistently),5.8,star_age (exoplanet.eu/master),3.941,mass_sini lower limit (Mjup->Me),18.54,1.609e+00,0.00,tau Cet
Ross 128 b,Ross 128,-0.73,default M (Medina+2020),9.8627e+19,5.0,12.78,escape,-0.83,quiescent(sat-decay)+flare(FFD),xuv_shoreline_20260901 (Zahnle&Catling2017 vesc^4; Earth-normalized self-consistently),5.0,star_age (exoplanet.eu/master),1.398,mass_sini lower limit (Mjup->Me),12.78,1.141e+01,0.00,Ross 128
GJ 357 d,GJ 357,-0.73,default M (Medina+2020),2.4880e+19,5.0,23.04,retain,0.8,quiescent(sat-decay)+flare(FFD),xuv_shoreline_20260901 (Zahnle&Catling2017 vesc^4; Earth-normalized self-consistently),5.0,ASSUMED 5.0 Gyr (no measurement),7.215,mass_sini lower limit (Mjup->Me),23.04,2.877e+00,0.00,GJ 357
K2-72 e,K2-72,-0.73,default M (Medina+2020),7.4666e+19,5.0,15.76,boundary,-0.34,quiescent(sat-decay)+flare(FFD),xuv_shoreline_20260901 (Zahnle&Catling2017 vesc^4; Earth-normalized self-consistently),5.0,ASSUMED 5.0 Gyr (no measurement),2.558,from radius (Zeng R^3.7 / Wolfgang+2016),15.76,8.635e+00,0.00,K2-72
Kepler-1544 b,Kepler-1544,-0.8,default FGK (Shibayama+2013),7.4587e+18,2.34,17.98,retain,0.89,quiescent(sat-decay)+flare(FFD),xuv_shoreline_20260901 (Zahnle&Catling2017 vesc^4; Earth-normalized self-consistently),2.34,star_age (exoplanet.eu/master),4.604,from radius (Zeng R^3.7 / Wolfgang+2016),17.98,8.626e-01,0.00,Kepler-1544
Kepler-1638 b,Kepler-1638,-0.8,default FGK (Shibayama+2013),1.1962e+19,4.37,17.95,retain,0.68,quiescent(sat-decay)+flare(FFD),xuv_shoreline_20260901 (Zahnle&Catling2017 vesc^4; Earth-normalized self-consistently),4.37,star_age (exoplanet.eu/master),4.819,from radius (Zeng R^3.7 / Wolfgang+2016),17.95,1.383e+00,0.00,Kepler-1638
Kepler-1652 b,Kepler-1652,-0.73,default M (Medina+2020),4.9923e+19,3.2,18.05,boundary,0.07,quiescent(sat-decay)+flare(FFD),xuv_shoreline_20260901 (Zahnle&Catling2017 vesc^4; Earth-normalized self-consistently),3.2,star_age (exoplanet.eu/master),4.172,from radius (Zeng R^3.7 / Wolfgang+2016),18.05,5.773e+00,0.00,Kepler-1652
Kepler-186 f,Kepler-186,-0.73,default M (Medina+2020),1.6530e+19,4.0,13.76,boundary,0.08,quiescent(sat-decay)+flare(FFD),xuv_shoreline_20260901 (Zahnle&Catling2017 vesc^4; Earth-normalized self-consistently),4.0,star_age (exoplanet.eu/master),1.764,from radius (Zeng R^3.7 / Wolfgang+2016),13.76,1.912e+00,0.00,Kepler-186
Kepler-442 b,Kepler-442,-0.8,default FGK (Shibayama+2013),6.0941e+18,2.9,16.69,retain,0.85,quiescent(sat-decay)+flare(FFD),xuv_shoreline_20260901 (Zahnle&Catling2017 vesc^4; Earth-normalized self-consistently),2.9,star_age (exoplanet.eu/master),2.995,from radius (Zeng R^3.7 / Wolfgang+2016),16.69,7.048e-01,0.00,Kepler-442
Kepler-452 b,Kepler-452,-0.8,default FGK (Shibayama+2013),9.7305e+18,6.0,18.04,retain,0.78,quiescent(sat-decay)+flare(FFD),xuv_shoreline_20260901 (Zahnle&Catling2017 vesc^4; Earth-normalized self-consistently),6.0,star_age (exoplanet.eu/master),4.226,from radius (Zeng R^3.7 / Wolfgang+2016),18.04,1.125e+00,0.00,Kepler-452
Kepler-62 e,Kepler-62,-0.8,default FGK (Shibayama+2013),1.0469e+19,7.0,52.77,retain,2.61,quiescent(sat-decay)+flare(FFD),xuv_shoreline_20260901 (Zahnle&Catling2017 vesc^4; Earth-normalized self-consistently),7.0,star_age (exoplanet.eu/master),35.915,"measured mass (exoplanet.eu, Mjup->Me)",52.77,1.211e+00,0.00,Kepler-62
Kepler-62 f,Kepler-62,-0.8,default FGK (Shibayama+2013),3.7028e+18,7.0,55.65,retain,3.16,quiescent(sat-decay)+flare(FFD),xuv_shoreline_20260901 (Zahnle&Catling2017 vesc^4; Earth-normalized self-consistently),7.0,star_age (exoplanet.eu/master),34.961,"measured mass (exoplanet.eu, Mjup->Me)",55.65,4.282e-01,0.00,Kepler-62
HD 216520 c,HD 216520,-0.8,default FGK (Shibayama+2013),1.1052e+19,6.0,25.38,retain,1.32,quiescent(sat-decay)+flare(FFD),xuv_shoreline_20260901 (Zahnle&Catling2017 vesc^4; Earth-normalized self-consistently),6.0,star_age (exoplanet.eu/master),9.44,mass_sini lower limit (Mjup->Me),25.38,1.278e+00,0.00,HD 216520
Ross 508 b,Ross 508,-0.73,default M (Medina+2020),8.5197e+19,5.0,18.59,boundary,-0.11,quiescent(sat-decay)+flare(FFD),xuv_shoreline_20260901 (Zahnle&Catling2017 vesc^4; Earth-normalized self-consistently),5.0,ASSUMED 5.0 Gyr (no measurement),3.97,mass_sini lower limit (Mjup->Me),18.59,9.853e+00,0.00,Ross 508
K2-3 d,K2-3,-0.73,default M (Medina+2020),4.7663e+19,1.0,15.22,boundary,-0.21,quiescent(sat-decay)+flare(FFD),xuv_shoreline_20260901 (Zahnle&Catling2017 vesc^4; Earth-normalized self-consistently),1.0,star_age (exoplanet.eu/master),2.8,"measured mass (exoplanet.eu, Mjup->Me)",15.22,5.512e+00,0.00,K2-3
LP 890-9 c,LP 890-9,-0.73,default M (Medina+2020),1.1466e+20,7.2,48.12,retain,1.41,quiescent(sat-decay)+flare(FFD),xuv_shoreline_20260901 (Zahnle&Catling2017 vesc^4; Earth-normalized self-consistently),7.2,star_age (exoplanet.eu/master),25.299,"measured mass (exoplanet.eu, Mjup->Me)",48.12,1.326e+01,0.02,LP 890-9
KOI-4878 b,KOI-4878,-0.8,default FGK (Shibayama+2013),9.0996e+18,5.0,11.8,boundary,0.07,quiescent(sat-decay)+flare(FFD),xuv_shoreline_20260901 (Zahnle&Catling2017 vesc^4; Earth-normalized self-consistently),5.0,ASSUMED 5.0 Gyr (no measurement),1.157,from radius (Zeng R^3.7 / Wolfgang+2016),11.8,1.052e+00,0.00,KOI-4878
GJ 1002 b,GJ 1002,-0.73,default M (Medina+2020),4.5399e+19,5.0,11.65,escape,-0.65,quiescent(sat-decay)+flare(FFD),xuv_shoreline_20260901 (Zahnle&Catling2017 vesc^4; Earth-normalized self-consistently),5.0,ASSUMED 5.0 Gyr (no measurement),1.081,mass_sini lower limit (Mjup->Me),11.65,5.250e+00,0.00,GJ 1002
GJ 1002 c,GJ 1002,-0.73,default M (Medina+2020),1.7409e+19,5.0,12.65,boundary,-0.09,quiescent(sat-decay)+flare(FFD),xuv_shoreline_20260901 (Zahnle&Catling2017 vesc^4; Earth-normalized self-consistently),5.0,ASSUMED 5.0 Gyr (no measurement),1.36,mass_sini lower limit (Mjup->Me),12.65,2.013e+00,0.00,GJ 1002
Wolf 1069 b,Wolf 1069,-0.73,default M (Medina+2020),4.3755e+19,5.0,12.3,escape,-0.54,quiescent(sat-decay)+flare(FFD),xuv_shoreline_20260901 (Zahnle&Catling2017 vesc^4; Earth-normalized self-consistently),5.0,ASSUMED 5.0 Gyr (no measurement),1.259,mass_sini lower limit (Mjup->Me),12.3,5.060e+00,0.00,Wolf 1069
TOI-700 e,TOI-700,-0.73,default M (Medina+2020),5.6508e+19,1.5,10.48,escape,-0.93,quiescent(sat-decay)+flare(FFD),xuv_shoreline_20260901 (Zahnle&Catling2017 vesc^4; Earth-normalized self-consistently),1.5,star_age (exoplanet.eu/master),0.837,from radius (Zeng R^3.7 / Wolfgang+2016),10.48,6.535e+00,0.00,TOI-700
TOI-715 b,TOI-715,-0.73,default M (Medina+2020),4.7054e+19,6.2,18.07,boundary,0.1,quiescent(sat-decay)+flare(FFD),xuv_shoreline_20260901 (Zahnle&Catling2017 vesc^4; Earth-normalized self-consistently),6.2,star_age (exoplanet.eu/master),4.044,from radius (Zeng R^3.7 / Wolfgang+2016),18.07,5.442e+00,0.00,TOI-715
HN Lib b,HN Lib,-0.73,default M (Medina+2020),3.2808e+19,4.4,20.98,retain,0.51,quiescent(sat-decay)+flare(FFD),xuv_shoreline_20260901 (Zahnle&Catling2017 vesc^4; Earth-normalized self-consistently),4.4,star_age (exoplanet.eu/master),5.559,mass_sini lower limit (Mjup->Me),20.98,3.794e+00,0.00,HN Lib
GJ 433 d,GJ 433,-0.73,default M (Medina+2020),6.6919e+19,5.0,20.11,boundary,0.13,quiescent(sat-decay)+flare(FFD),xuv_shoreline_20260901 (Zahnle&Catling2017 vesc^4; Earth-normalized self-consistently),5.0,ASSUMED 5.0 Gyr (no measurement),4.939,mass_sini lower limit (Mjup->Me),20.11,7.739e+00,0.00,GJ 433
GJ 367 d,GJ 367,-0.73,default M (Medina+2020),7.6791e+19,5.0,21.6,boundary,0.19,quiescent(sat-decay)+flare(FFD),xuv_shoreline_20260901 (Zahnle&Catling2017 vesc^4; Earth-normalized self-consistently),5.0,ASSUMED 5.0 Gyr (no measurement),6.029,mass_sini lower limit (Mjup->Me),21.6,8.881e+00,0.00,GJ 367
Teegarden's b,Teegarden's,-0.73,default M (Medina+2020),1.3854e+20,8.0,11.95,escape,-1.09,quiescent(sat-decay)+flare(FFD),xuv_shoreline_20260901 (Zahnle&Catling2017 vesc^4; Earth-normalized self-consistently),8.0,star_age (exoplanet.eu/master),1.16,mass_sini lower limit (Mjup->Me),11.95,1.602e+01,0.00,Teegarden's
Teegarden's c,Teegarden's,-0.73,default M (Medina+2020),4.4889e+19,8.0,11.52,escape,-0.66,quiescent(sat-decay)+flare(FFD),xuv_shoreline_20260901 (Zahnle&Catling2017 vesc^4; Earth-normalized self-consistently),8.0,star_age (exoplanet.eu/master),1.049,mass_sini lower limit (Mjup->Me),11.52,5.191e+00,0.00,Teegarden's
K2-296 b,K2-296,-0.73,default M (Medina+2020),6.4778e+19,5.0,17.95,boundary,-0.05,quiescent(sat-decay)+flare(FFD),xuv_shoreline_20260901 (Zahnle&Catling2017 vesc^4; Earth-normalized self-consistently),5.0,ASSUMED 5.0 Gyr (no measurement),4.819,from radius (Zeng R^3.7 / Wolfgang+2016),17.95,7.491e+00,0.00,K2-296
Proxima Centauri b,Proxima Centauri,-0.94,measured (RECOMP FFD fit),4.4465e+19,5.0,11.61,escape,-0.65,quiescent(sat-decay)+flare(FFD),xuv_shoreline_20260901 (Zahnle&Catling2017 vesc^4; Earth-normalized self-consistently),5.0,ASSUMED 5.0 Gyr (no measurement),1.071,mass_sini lower limit (Mjup->Me),11.61,5.142e+00,0.01,Proxima Centauri
HD 48948 c,HD 48948,-0.73,default M (Medina+2020),3.0115e+19,5.0,21.98,retain,0.63,quiescent(sat-decay)+flare(FFD),xuv_shoreline_20260901 (Zahnle&Catling2017 vesc^4; Earth-normalized self-consistently),5.0,ASSUMED 5.0 Gyr (no measurement),6.331,mass_sini lower limit (Mjup->Me),21.98,3.483e+00,0.00,HD 48948
GJ 1061 c,GJ 1061,-0.73,default M (Medina+2020),1.6738e+20,7.0,13.82,escape,-0.92,quiescent(sat-decay)+flare(FFD),xuv_shoreline_20260901 (Zahnle&Catling2017 vesc^4; Earth-normalized self-consistently),7.0,star_age (exoplanet.eu/master),1.739,mass_sini lower limit (Mjup->Me),13.82,1.936e+01,0.00,GJ 1061
GJ 1061 d,GJ 1061,-0.73,default M (Medina+2020),7.5829e+19,7.0,13.32,escape,-0.64,quiescent(sat-decay)+flare(FFD),xuv_shoreline_20260901 (Zahnle&Catling2017 vesc^4; Earth-normalized self-consistently),7.0,star_age (exoplanet.eu/master),1.57,mass_sini lower limit (Mjup->Me),13.32,8.769e+00,0.00,GJ 1061
K2-288 Bb,K2-288 B,-0.73,default M (Medina+2020),1.3612e+19,1.0,18.01,retain,0.63,quiescent(sat-decay)+flare(FFD),xuv_shoreline_20260901 (Zahnle&Catling2017 vesc^4; Earth-normalized self-consistently),1.0,star_age (exoplanet.eu/master),4.415,from radius (Zeng R^3.7 / Wolfgang+2016),18.01,1.574e+00,0.00,K2-288 B
Kepler-1410 Ab,Kepler-1410 A,-0.8,default FGK (Shibayama+2013),4.3024e+19,1.3,17.98,boundary,0.13,quiescent(sat-decay)+flare(FFD),xuv_shoreline_20260901 (Zahnle&Catling2017 vesc^4; Earth-normalized self-consistently),1.3,star_age (exoplanet.eu/master),4.604,from radius (Zeng R^3.7 / Wolfgang+2016),17.98,4.976e+00,0.00,Kepler-1410 A
Kepler-296 Ae,Kepler-296 A,-0.73,default M (Medina+2020),4.4344e+19,4.37,18.08,boundary,0.12,quiescent(sat-decay)+flare(FFD),xuv_shoreline_20260901 (Zahnle&Catling2017 vesc^4; Earth-normalized self-consistently),4.37,star_age (exoplanet.eu/master),3.981,from radius (Zeng R^3.7 / Wolfgang+2016),18.08,5.128e+00,0.00,Kepler-296 A
Kepler-296 Af,Kepler-296 A,-0.73,default M (Medina+2020),1.9477e+19,4.37,17.97,boundary,0.47,quiescent(sat-decay)+flare(FFD),xuv_shoreline_20260901 (Zahnle&Catling2017 vesc^4; Earth-normalized self-consistently),4.37,star_age (exoplanet.eu/master),4.658,from radius (Zeng R^3.7 / Wolfgang+2016),17.97,2.252e+00,0.00,Kepler-296 A
LTT 1445 Ad,LTT 1445 A,-0.73,default M (Medina+2020),6.7669e+19,5.0,16.23,boundary,-0.25,quiescent(sat-decay)+flare(FFD),xuv_shoreline_20260901 (Zahnle&Catling2017 vesc^4; Earth-normalized self-consistently),5.0,ASSUMED 5.0 Gyr (no measurement),2.721,mass_sini lower limit (Mjup->Me),16.23,7.826e+00,0.00,LTT 1445 A
GJ 667 Cc,GJ 667 C,-0.73,default M (Medina+2020),7.9122e+19,6.0,18.32,boundary,-0.1,quiescent(sat-decay)+flare(FFD),xuv_shoreline_20260901 (Zahnle&Catling2017 vesc^4; Earth-normalized self-consistently),6.0,star_age (exoplanet.eu/master),3.814,mass_sini lower limit (Mjup->Me),18.32,9.150e+00,0.00,GJ 667 C
GJ 667 Ce,GJ 667 C,-0.73,default M (Medina+2020),2.7249e+19,6.0,16.19,boundary,0.14,quiescent(sat-decay)+flare(FFD),xuv_shoreline_20260901 (Zahnle&Catling2017 vesc^4; Earth-normalized self-consistently),6.0,star_age (exoplanet.eu/master),2.702,mass_sini lower limit (Mjup->Me),16.19,3.151e+00,0.00,GJ 667 C
GJ 667 Cf,GJ 667 C,-0.73,default M (Medina+2020),5.0800e+19,6.0,16.19,boundary,-0.13,quiescent(sat-decay)+flare(FFD),xuv_shoreline_20260901 (Zahnle&Catling2017 vesc^4; Earth-normalized self-consistently),6.0,star_age (exoplanet.eu/master),2.702,mass_sini lower limit (Mjup->Me),16.19,5.875e+00,0.00,GJ 667 C
Luyten's Star b,Luyten's Star,-0.73,default M (Medina+2020),8.1931e+19,5.0,16.67,boundary,-0.28,quiescent(sat-decay)+flare(FFD),xuv_shoreline_20260901 (Zahnle&Catling2017 vesc^4; Earth-normalized self-consistently),5.0,ASSUMED 5.0 Gyr (no measurement),2.93,"measured mass (exoplanet.eu, Mjup->Me)",16.67,9.475e+00,0.00,Luyten's Star
HIP 38594 Ab,HIP 38594,-0.8,default FGK (Shibayama+2013),8.9640e+19,5.0,24.02,boundary,0.31,quiescent(sat-decay)+flare(FFD),xuv_shoreline_20260901 (Zahnle&Catling2017 vesc^4; Earth-normalized self-consistently),5.0,ASSUMED 5.0 Gyr (no measurement),8.105,mass_sini lower limit (Mjup->Me),24.02,1.037e+01,0.00,HIP 38594
KOI-4427 Ab,KOI-4427 A,-0.73,default M (Medina+2020),1.9625e+19,3.6,17.96,boundary,0.47,quiescent(sat-decay)+flare(FFD),xuv_shoreline_20260901 (Zahnle&Catling2017 vesc^4; Earth-normalized self-consistently),3.6,star_age (exoplanet.eu/master),4.739,from radius (Zeng R^3.7 / Wolfgang+2016),17.96,2.270e+00,0.00,KOI-4427 A
TOI-1266 d,TOI-1266,-0.73,default M (Medina+2020),8.5010e+19,7.9,18.09,boundary,-0.16,quiescent(sat-decay)+flare(FFD),xuv_shoreline_20260901 (Zahnle&Catling2017 vesc^4; Earth-normalized self-consistently),7.9,star_age (exoplanet.eu/master),3.68,mass_sini lower limit (Mjup->Me),18.09,9.831e+00,0.00,TOI-1266
Kepler-51 e,Kepler-51,-0.8,default FGK (Shibayama+2013),7.5350e+18,0.5,20.77,retain,1.13,quiescent(sat-decay)+flare(FFD),xuv_shoreline_20260901 (Zahnle&Catling2017 vesc^4; Earth-normalized self-consistently),0.5,star_age (exoplanet.eu/master),5.403,"measured mass (exoplanet.eu, Mjup->Me)",20.77,8.714e-01,0.00,Kepler-51
TOI-2443 c,TOI-2443,-0.73,default M (Medina+2020),3.0823e+19,5.0,25.25,retain,0.86,quiescent(sat-decay)+flare(FFD),xuv_shoreline_20260901 (Zahnle&Catling2017 vesc^4; Earth-normalized self-consistently),5.0,ASSUMED 5.0 Gyr (no measurement),9.312,mass_sini lower limit (Mjup->Me),25.25,3.565e+00,0.00,TOI-2443
Kepler-283 Ac,Kepler-283 A,-0.8,default FGK (Shibayama+2013),7.8072e+18,5.0,17.97,retain,0.87,quiescent(sat-decay)+flare(FFD),xuv_shoreline_20260901 (Zahnle&Catling2017 vesc^4; Earth-normalized self-consistently),5.0,ASSUMED 5.0 Gyr (no measurement),4.685,from radius (Zeng R^3.7 / Wolfgang+2016),17.97,9.029e-01,0.00,Kepler-283 A
Kepler-1649 Ac,Kepler-1649 A,-0.73,default M (Medina+2020),5.1099e+19,5.0,12.18,escape,-0.62,quiescent(sat-decay)+flare(FFD),xuv_shoreline_20260901 (Zahnle&Catling2017 vesc^4; Earth-normalized self-consistently),5.0,ASSUMED 5.0 Gyr (no measurement),1.262,from radius (Zeng R^3.7 / Wolfgang+2016),12.18,5.909e+00,0.00,Kepler-1649 A
GJ 229 d,GJ 229,-0.73,default M (Medina+2020),2.0833e+19,2.45,23.84,retain,0.93,quiescent(sat-decay)+flare(FFD),xuv_shoreline_20260901 (Zahnle&Catling2017 vesc^4; Earth-normalized self-consistently),2.45,star_age (exoplanet.eu/master),7.93,mass_sini lower limit (Mjup->Me),23.84,2.409e+00,0.00,GJ 229
GJ 3998 d,GJ 3998,NO_DATA,NO_DATA (no E_max),7.7924e+19,5.0,21.66,boundary,0.19,quiescent-only (flare NO_DATA),xuv_shoreline_20260901 (Zahnle&Catling2017 vesc^4; Earth-normalized self-consistently),5.0,ASSUMED 5.0 Gyr (no measurement),6.071,mass_sini lower limit (Mjup->Me),21.66,9.012e+00,0.00,GJ 3998
Kepler-725 c,Kepler-725,-0.8,default FGK (Shibayama+2013),9.1893e+18,4.37,25.77,retain,1.42,quiescent(sat-decay)+flare(FFD),xuv_shoreline_20260901 (Zahnle&Catling2017 vesc^4; Earth-normalized self-consistently),4.37,star_age (exoplanet.eu/master),9.853,mass_sini lower limit (Mjup->Me),25.77,1.063e+00,0.00,Kepler-725
GJ 163 c,GJ 163,-0.73,default M (Medina+2020),8.1421e+19,3.0,23.47,boundary,0.31,quiescent(sat-decay)+flare(FFD),xuv_shoreline_20260901 (Zahnle&Catling2017 vesc^4; Earth-normalized self-consistently),3.0,star_age (exoplanet.eu/master),7.596,mass_sini lower limit (Mjup->Me),23.47,9.416e+00,0.00,GJ 163
TOI-700 d,TOI-700,-0.73,default M (Medina+2020),3.8049e+19,1.5,16.78,boundary,0.06,quiescent(sat-decay)+flare(FFD),xuv_shoreline_20260901 (Zahnle&Catling2017 vesc^4; Earth-normalized self-consistently),1.5,star_age (exoplanet.eu/master),2.416,"measured mass (exoplanet.eu, Mjup->Me)",16.78,4.400e+00,0.00,TOI-700
L 98-59 f,L 98-59,-0.73,default M (Medina+2020),6.3755e+19,5.4,16.75,boundary,-0.17,quiescent(sat-decay)+flare(FFD),xuv_shoreline_20260901 (Zahnle&Catling2017 vesc^4; Earth-normalized self-consistently),5.4,star_age (exoplanet.eu/master),2.972,"measured mass (exoplanet.eu, Mjup->Me)",16.75,7.373e+00,0.00,L 98-59
Kepler-1229 Ab,Kepler-1229 A,-0.73,default M (Medina+2020),4.0484e+19,3.72,15.4,boundary,-0.11,quiescent(sat-decay)+flare(FFD),xuv_shoreline_20260901 (Zahnle&Catling2017 vesc^4; Earth-normalized self-consistently),3.72,star_age (exoplanet.eu/master),2.539,"measured mass (exoplanet.eu, Mjup->Me)",15.4,4.682e+00,0.00,Kepler-1229 A
Kepler-138 e,Kepler-138,-0.73,default M (Medina+2020),7.8305e+19,5.0,8.36,escape,-1.46,quiescent(sat-decay)+flare(FFD),xuv_shoreline_20260901 (Zahnle&Catling2017 vesc^4; Earth-normalized self-consistently),5.0,ASSUMED 5.0 Gyr (no measurement),0.429,"measured mass (exoplanet.eu, Mjup->Me)",8.36,9.056e+00,0.00,Kepler-138
55 Cnc Bc,55 Cnc B,-0.73,default M (Medina+2020),3.1301e+19,5.0,20.64,retain,0.51,quiescent(sat-decay)+flare(FFD),xuv_shoreline_20260901 (Zahnle&Catling2017 vesc^4; Earth-normalized self-consistently),5.0,ASSUMED 5.0 Gyr (no measurement),5.308,mass_sini lower limit (Mjup->Me),20.64,3.620e+00,0.00,55 Cnc B
GJ 4274 b,GJ 4274,-0.643,measured (RECOMP FFD fit),4.2795e+19,5.0,24.61,retain,0.68,quiescent(sat-decay)+flare(FFD),xuv_shoreline_20260901 (Zahnle&Catling2017 vesc^4; Earth-normalized self-consistently),5.0,ASSUMED 5.0 Gyr (no measurement),8.67,mass_sini lower limit (Mjup->Me),24.61,4.949e+00,0.01,GJ 4274
Gl 725 Bc,Gl 725 B,-0.49,measured (RECOMP FFD fit),5.3209e+19,8.7,17.58,boundary,-0.0,quiescent(sat-decay)+flare(FFD),xuv_shoreline_20260901 (Zahnle&Catling2017 vesc^4; Earth-normalized self-consistently),8.7,star_age (exoplanet.eu/master),3.401,mass_sini lower limit (Mjup->Me),17.58,6.153e+00,0.01,Gl 725 B
82 Eri d,82 Eri,-0.8,default FGK (Shibayama+2013),3.2599e+18,14.0,21.33,retain,1.54,quiescent(sat-decay)+flare(FFD),xuv_shoreline_20260901 (Zahnle&Catling2017 vesc^4; Earth-normalized self-consistently),14.0,star_age (exoplanet.eu/master),5.819,mass_sini lower limit (Mjup->Me),21.33,3.770e-01,0.00,82 Eri
HD 137010 b,HD 137010,-0.8,default FGK (Shibayama+2013),2.6532e+18,7.4,12.11,retain,0.65,quiescent(sat-decay)+flare(FFD),xuv_shoreline_20260901 (Zahnle&Catling2017 vesc^4; Earth-normalized self-consistently),7.4,star_age (exoplanet.eu/master),1.242,from radius (Zeng R^3.7 / Wolfgang+2016),12.11,3.068e-01,0.00,HD 137010
GJ 887 d,GJ 887,-0.73,default M (Medina+2020),4.7218e+19,2.9,21.7,boundary,0.41,quiescent(sat-decay)+flare(FFD),xuv_shoreline_20260901 (Zahnle&Catling2017 vesc^4; Earth-normalized self-consistently),2.9,star_age (exoplanet.eu/master),6.102,mass_sini lower limit (Mjup->Me),21.7,5.461e+00,0.00,GJ 887
LHS 1140 b,LHS 1140,-0.73,default M (Medina+2020),2.2944e+19,5.0,22.49,retain,0.79,quiescent(sat-decay)+flare(FFD),xuv_shoreline_20260901 (Zahnle&Catling2017 vesc^4; Earth-normalized self-consistently),5.0,star_age (exoplanet.eu/master),6.98,"measured mass (exoplanet.eu, Mjup->Me)",22.49,2.653e+00,0.00,LHS 1140
HD 85512 b,HD 85512,-0.8,default FGK (Shibayama+2013),1.2395e+19,5.61,1.48,escape,-3.68,quiescent(sat-decay)+flare(FFD),xuv_shoreline_20260901 (Zahnle&Catling2017 vesc^4; Earth-normalized self-consistently),5.61,star_age (exoplanet.eu/master),0.003,mass_sini lower limit (Mjup->Me),1.48,1.433e+00,0.00,HD 85512
Kapteyn's b,Kapteyn's Star,-0.73,default M (Medina+2020),2.8786e+19,5.0,1.64,escape,-3.86,quiescent(sat-decay)+flare(FFD),xuv_shoreline_20260901 (Zahnle&Catling2017 vesc^4; Earth-normalized self-consistently),5.0,ASSUMED 5.0 Gyr (no measurement),0.005,mass_sini lower limit (Mjup->Me),1.64,3.329e+00,0.00,Kapteyn's Star
TRAPPIST-1 d,TRAPPIST-1,-0.73,default M (Medina+2020),1.4494e+20,7.6,8.18,escape,-1.77,quiescent(sat-decay)+flare(FFD),xuv_shoreline_20260901 (Zahnle&Catling2017 vesc^4; Earth-normalized self-consistently),7.6,star_age (exoplanet.eu/master),0.413,"measured mass (exoplanet.eu, Mjup->Me)",8.18,1.676e+01,0.00,TRAPPIST-1
TRAPPIST-1 e,TRAPPIST-1,-0.73,default M (Medina+2020),8.3961e+19,7.6,9.31,escape,-1.31,quiescent(sat-decay)+flare(FFD),xuv_shoreline_20260901 (Zahnle&Catling2017 vesc^4; Earth-normalized self-consistently),7.6,star_age (exoplanet.eu/master),0.636,"measured mass (exoplanet.eu, Mjup->Me)",9.31,9.710e+00,0.00,TRAPPIST-1
TRAPPIST-1 f,TRAPPIST-1,-0.73,default M (Medina+2020),4.8406e+19,7.6,8.94,escape,-1.14,quiescent(sat-decay)+flare(FFD),xuv_shoreline_20260901 (Zahnle&Catling2017 vesc^4; Earth-normalized self-consistently),7.6,star_age (exoplanet.eu/master),0.667,"measured mass (exoplanet.eu, Mjup->Me)",8.94,5.598e+00,0.00,TRAPPIST-1
TRAPPIST-1 g,TRAPPIST-1,-0.73,default M (Medina+2020),3.2757e+19,7.6,12.21,boundary,-0.43,quiescent(sat-decay)+flare(FFD),xuv_shoreline_20260901 (Zahnle&Catling2017 vesc^4; Earth-normalized self-consistently),7.6,star_age (exoplanet.eu/master),1.341,"measured mass (exoplanet.eu, Mjup->Me)",12.21,3.788e+00,0.00,TRAPPIST-1
Ross 318 b,Ross 318,-0.73,default M (Medina+2020),7.2883e+19,5.0,22.8,boundary,0.31,quiescent(sat-decay)+flare(FFD),xuv_shoreline_20260901 (Zahnle&Catling2017 vesc^4; Earth-normalized self-consistently),5.0,ASSUMED 5.0 Gyr (no measurement),6.659,mass_sini lower limit (Mjup->Me),22.8,8.429e+00,0.00,Ross 318
GJ 3378 b,GJ 3378,-0.73,default M (Medina+2020),6.1981e+19,5.0,15.25,boundary,-0.32,quiescent(sat-decay)+flare(FFD),xuv_shoreline_20260901 (Zahnle&Catling2017 vesc^4; Earth-normalized self-consistently),5.0,ASSUMED 5.0 Gyr (no measurement),2.288,mass_sini lower limit (Mjup->Me),15.25,7.168e+00,0.00,GJ 3378
